{"cameraMode":{"drawMode":0,"name":"Shaded","section":"Shading Mode"},"sceneLighting":true,"audioPlay":false,"sceneViewState":{"m_AlwaysRefresh":false,"showFog":true,"showSkybox":true,"showFlares":true,"showImageEffects":true,"showParticleSystems":true,"showVisualEffectGraphs":true,"m_FxEnabled":true},"in2DMode":false,"pivot":{"x":60.301876068115237,"y":2.7204184532165529,"z":67.89606475830078},"rotation":{"x":0.04509393498301506,"y":-0.8659784197807312,"z":0.08330044150352478,"w":0.49195024371147158},"size":4.710524082183838,"orthographic":false}